category,page,index,link,brand_name,product_name,gift,price,volume,bottle_type,ingredients
패드,1,1,https://www.oliveyoung.co.kr/store/goods/getGoodsDetail.do?goodsNo=A000000219242&dispCatNo=100000100090004&t_page=카테고리관&t_click=패드_전체__상품상세&t_number=1,메디힐,메디힐 마데카소사이드 흔적 패드 100,,39900,100매,,
패드,1,2,https://www.oliveyoung.co.kr/store/goods/getGoodsDetail.do?goodsNo=A000000171427&dispCatNo=100000100090004&t_page=카테고리관&t_click=패드_전체__상품상세&t_number=2,메디힐,메디힐 네모패드 100,,39900,200매,,
패드,1,3,https://www.oliveyoung.co.kr/store/goods/getGoodsDetail.do?goodsNo=A000000185132&dispCatNo=100000100090004&t_page=카테고리관&t_click=패드_전체__상품상세&t_number=3,스킨푸드,스킨푸드 캐롯 카로틴 카밍 워터 패드,"10매, 캐롯시트 1매 증정",26000,60매,,
패드,1,4,https://www.oliveyoung.co.kr/store/goods/getGoodsDetail.do?goodsNo=A000000215305&dispCatNo=100000100090004&t_page=카테고리관&t_click=패드_전체__상품상세&t_number=4,바이오던스,바이오던스  겔 토너 패드,4매 증정 콜라겐/세라놀,26000,60매,,
패드,1,5,https://www.oliveyoung.co.kr/store/goods/getGoodsDetail.do?goodsNo=A000000207389&dispCatNo=100000100090004&t_page=카테고리관&t_click=패드_전체__상품상세&t_number=5,메디큐브,메디큐브 제로모공패드 2.0,70매 + 70매 리필,33000,140매,,
패드,1,6,https://www.oliveyoung.co.kr/store/goods/getGoodsDetail.do?goodsNo=A000000171426&dispCatNo=100000100090004&t_page=카테고리관&t_click=패드_전체__상품상세&t_number=6,메디힐,메디힐 네모패드  피부 고민별 골라담기,,26000,100매,,
패드,1,7,https://www.oliveyoung.co.kr/store/goods/getGoodsDetail.do?goodsNo=A000000160796&dispCatNo=100000100090004&t_page=카테고리관&t_click=패드_전체__상품상세&t_number=7,라운드랩,라운드랩 자작나무 수분 패드,80매+80매 더블 기획,34000,80매,,
패드,1,8,https://www.oliveyoung.co.kr/store/goods/getGoodsDetail.do?goodsNo=A000000219555&dispCatNo=100000100090004&t_page=카테고리관&t_click=패드_전체__상품상세&t_number=8,아비브,아비브 어성초 흔적 에센스 패드 클리어터치,,40000,140매,,
패드,1,9,https://www.oliveyoung.co.kr/store/goods/getGoodsDetail.do?goodsNo=A000000177758&dispCatNo=100000100090004&t_page=카테고리관&t_click=패드_전체__상품상세&t_number=9,넘버즈인,넘버즈인 토너패드  4종 중 택 1,1번/3번/4번/5번,26000,,,
패드,1,10,https://www.oliveyoung.co.kr/store/goods/getGoodsDetail.do?goodsNo=A000000189175&dispCatNo=100000100090004&t_page=카테고리관&t_click=패드_전체__상품상세&t_number=10,구달,구달 청귤 비타C 잡티케어 패드,70매+70매 리필,38000,140매,,
패드,1,11,https://www.oliveyoung.co.kr/store/goods/getGoodsDetail.do?goodsNo=A000000216739&dispCatNo=100000100090004&t_page=카테고리관&t_click=패드_전체__상품상세&t_number=11,필킨,필킨 포어솔루션 클리어 패드,,35000,70매,,
패드,1,12,https://www.oliveyoung.co.kr/store/goods/getGoodsDetail.do?goodsNo=A000000185099&dispCatNo=100000100090004&t_page=카테고리관&t_click=패드_전체__상품상세&t_number=12,브링그린,브링그린 티트리시카트러블수딩토너패드,,37800,90매,,
패드,1,13,https://www.oliveyoung.co.kr/store/goods/getGoodsDetail.do?goodsNo=A000000167387&dispCatNo=100000100090004&t_page=카테고리관&t_click=패드_전체__상품상세&t_number=13,코스알엑스,코스알엑스 원스텝 패드   3종 중 택1,,32000,180매,,
패드,1,14,https://www.oliveyoung.co.kr/store/goods/getGoodsDetail.do?goodsNo=A000000218012&dispCatNo=100000100090004&t_page=카테고리관&t_click=패드_전체__상품상세&t_number=14,더마토리,더마토리 살리시닉 포어 클리어 블랙 모공 패드,,26000,70매,,
패드,1,15,https://www.oliveyoung.co.kr/store/goods/getGoodsDetail.do?goodsNo=A000000169906&dispCatNo=100000100090004&t_page=카테고리관&t_click=패드_전체__상품상세&t_number=15,듀이트리,듀이트리 AC 딥 진정 모공 패드,기획/단품,24000,60매,,
패드,1,16,https://www.oliveyoung.co.kr/store/goods/getGoodsDetail.do?goodsNo=A000000161681&dispCatNo=100000100090004&t_page=카테고리관&t_click=패드_전체__상품상세&t_number=16,메디큐브,메디큐브 제로 모공 패드 2.0,,24500,70매,,
패드,1,17,https://www.oliveyoung.co.kr/store/goods/getGoodsDetail.do?goodsNo=A000000173588&dispCatNo=100000100090004&t_page=카테고리관&t_click=패드_전체__상품상세&t_number=17,토리든,토리든 다이브인 멀티패드,멀티패드 10매,23000,80매,,
패드,1,18,https://www.oliveyoung.co.kr/store/goods/getGoodsDetail.do?goodsNo=A000000216086&dispCatNo=100000100090004&t_page=카테고리관&t_click=패드_전체__상품상세&t_number=18,아누아,아누아 어성초 77 클리어 패드 입,,34500,100매,,
패드,1,19,https://www.oliveyoung.co.kr/store/goods/getGoodsDetail.do?goodsNo=A000000219719&dispCatNo=100000100090004&t_page=카테고리관&t_click=패드_전체__상품상세&t_number=19,메디큐브,메디큐브 PDRN 핑크 콜라겐 겔 토너 패드,,24500,70매,,
패드,1,20,https://www.oliveyoung.co.kr/store/goods/getGoodsDetail.do?goodsNo=A000000219564&dispCatNo=100000100090004&t_page=카테고리관&t_click=패드_전체__상품상세&t_number=20,구달,구달 어성초 히알루론 수딩 클리어 패드,70매 리필,38000,70매,,
패드,1,21,https://www.oliveyoung.co.kr/store/goods/getGoodsDetail.do?goodsNo=A000000146623&dispCatNo=100000100090004&t_page=카테고리관&t_click=패드_전체__상품상세&t_number=21,셀리맥스,셀리맥스 어성초 바하 지우개 필링 패드,,17000,60매,,
패드,1,22,https://www.oliveyoung.co.kr/store/goods/getGoodsDetail.do?goodsNo=A000000213151&dispCatNo=100000100090004&t_page=카테고리관&t_click=패드_전체__상품상세&t_number=22,프리메라,프리메라 마일드 앤 퍼펙트 포어 필링 패드,,29000,60매,,
패드,1,23,https://www.oliveyoung.co.kr/store/goods/getGoodsDetail.do?goodsNo=A000000167392&dispCatNo=100000100090004&t_page=카테고리관&t_click=패드_전체__상품상세&t_number=23,스킨1004,스킨1004 마다가스카르 센텔라 퀵카밍 패드,,21000,,,
패드,1,24,https://www.oliveyoung.co.kr/store/goods/getGoodsDetail.do?goodsNo=A000000219425&dispCatNo=100000100090004&t_page=카테고리관&t_click=패드_전체__상품상세&t_number=24,스킨푸드,스킨푸드 감자 마데카소사이드 수딩 패드,"10매, 감자시트 1매",26000,60매,,
패드,2,1,https://www.oliveyoung.co.kr/store/goods/getGoodsDetail.do?goodsNo=A000000167203&dispCatNo=100000100090004&t_page=카테고리관&t_click=패드_전체__상품상세&t_number=25,셀퓨전씨,셀퓨전씨 포스트 알파 쿨링 패드,,23000,70매,,
패드,2,2,https://www.oliveyoung.co.kr/store/goods/getGoodsDetail.do?goodsNo=A000000188191&dispCatNo=100000100090004&t_page=카테고리관&t_click=패드_전체__상품상세&t_number=26,토리든,토리든 밸런스풀 시카 토너 패드,60매+60매 리필,38000,60매,,
패드,2,3,https://www.oliveyoung.co.kr/store/goods/getGoodsDetail.do?goodsNo=A000000162249&dispCatNo=100000100090004&t_page=카테고리관&t_click=패드_전체__상품상세&t_number=27,아누아,아누아 어성초 77 모공쫀쫀 패드,70+70매 리필,45000,70매,,
패드,2,4,https://www.oliveyoung.co.kr/store/goods/getGoodsDetail.do?goodsNo=A000000207888&dispCatNo=100000100090004&t_page=카테고리관&t_click=패드_전체__상품상세&t_number=28,아누아,아누아 어성초 77 모공쫀쫀 패드,,45000,70매,,
패드,2,5,https://www.oliveyoung.co.kr/store/goods/getGoodsDetail.do?goodsNo=A000000204311&dispCatNo=100000100090004&t_page=카테고리관&t_click=패드_전체__상품상세&t_number=29,바이오힐보,바이오힐보 프로바이오덤 콜라겐 리모델링 세럼 패드,세럼13ml증정,28000,13ml,,
패드,2,6,https://www.oliveyoung.co.kr/store/goods/getGoodsDetail.do?goodsNo=A000000209924&dispCatNo=100000100090004&t_page=카테고리관&t_click=패드_전체__상품상세&t_number=30,브링그린,브링그린 슈퍼레몬글루타치온토너패드,90매,37800,90매,,
패드,2,7,https://www.oliveyoung.co.kr/store/goods/getGoodsDetail.do?goodsNo=A000000110262&dispCatNo=100000100090004&t_page=카테고리관&t_click=패드_전체__상품상세&t_number=31,스트라이덱스,스트라이덱스 센시티브 패드,90매+90매 더블 기획,26700,90매,,
패드,2,8,https://www.oliveyoung.co.kr/store/goods/getGoodsDetail.do?goodsNo=A000000188794&dispCatNo=100000100090004&t_page=카테고리관&t_click=패드_전체__상품상세&t_number=32,이즈앤트리,이즈앤트리 어니언 뉴페어 클리어 패드,20매 리필 증정기획,26000,60매,,
패드,2,9,https://www.oliveyoung.co.kr/store/goods/getGoodsDetail.do?goodsNo=A000000165144&dispCatNo=100000100090004&t_page=카테고리관&t_click=패드_전체__상품상세&t_number=33,코스알엑스,코스알엑스 원스텝 패드  3종 중 택1,,19000,90매,,
패드,2,10,https://www.oliveyoung.co.kr/store/goods/getGoodsDetail.do?goodsNo=A000000218011&dispCatNo=100000100090004&t_page=카테고리관&t_click=패드_전체__상품상세&t_number=34,더마토리,더마토리 시카 엑소좀 흔적 진정 거즈 패드,,26000,70매,,
패드,2,11,https://www.oliveyoung.co.kr/store/goods/getGoodsDetail.do?goodsNo=A000000200631&dispCatNo=100000100090004&t_page=카테고리관&t_click=패드_전체__상품상세&t_number=35,성분에디터,성분에디터 그린토마토 모공패드,,25000,60매,,
패드,2,12,https://www.oliveyoung.co.kr/store/goods/getGoodsDetail.do?goodsNo=A000000209524&dispCatNo=100000100090004&t_page=카테고리관&t_click=패드_전체__상품상세&t_number=36,바이오던스,바이오던스 겔 토너 패드  4종 택1,,26000,60매,,
패드,2,13,https://www.oliveyoung.co.kr/store/goods/getGoodsDetail.do?goodsNo=A000000205830&dispCatNo=100000100090004&t_page=카테고리관&t_click=패드_전체__상품상세&t_number=37,에스네이처,에스네이처 아쿠아 오아시스 판테알란 카밍패드,,26000,60매,,
패드,2,14,https://www.oliveyoung.co.kr/store/goods/getGoodsDetail.do?goodsNo=A000000165544&dispCatNo=100000100090004&t_page=카테고리관&t_click=패드_전체__상품상세&t_number=38,라운드랩,라운드랩 소나무 진정 시카 패드,,25000,50매,,
패드,2,15,https://www.oliveyoung.co.kr/store/goods/getGoodsDetail.do?goodsNo=A000000203518&dispCatNo=100000100090004&t_page=카테고리관&t_click=패드_전체__상품상세&t_number=39,피캄,피캄 베리어 사이클 토너패드,60매 리필기획,47900,60매,,
패드,2,16,https://www.oliveyoung.co.kr/store/goods/getGoodsDetail.do?goodsNo=A000000114166&dispCatNo=100000100090004&t_page=카테고리관&t_click=패드_전체__상품상세&t_number=40,스트라이덱스,스트라이덱스 센시티브 패드,,13900,90매,,
패드,2,17,https://www.oliveyoung.co.kr/store/goods/getGoodsDetail.do?goodsNo=A000000219557&dispCatNo=100000100090004&t_page=카테고리관&t_click=패드_전체__상품상세&t_number=41,아비브,아비브 어성초 흔적 에센스 패드 클리어터치,,24000,70매,,
패드,2,18,https://www.oliveyoung.co.kr/store/goods/getGoodsDetail.do?goodsNo=A000000182630&dispCatNo=100000100090004&t_page=카테고리관&t_click=패드_전체__상품상세&t_number=42,넘버즈인,넘버즈인 토너패드  3종 중 택 1,1번/4번/5번,42000,140매,,
패드,2,19,https://www.oliveyoung.co.kr/store/goods/getGoodsDetail.do?goodsNo=A000000211170&dispCatNo=100000100090004&t_page=카테고리관&t_click=패드_전체__상품상세&t_number=43,셀리맥스,셀리맥스 시카 지우개 패드,,20000,80매,,
패드,2,20,https://www.oliveyoung.co.kr/store/goods/getGoodsDetail.do?goodsNo=A000000168282&dispCatNo=100000100090004&t_page=카테고리관&t_click=패드_전체__상품상세&t_number=44,비건이펙트,비건이펙트 그린 청보리 라하 토너패드,,22000,60매,,
패드,2,21,https://www.oliveyoung.co.kr/store/goods/getGoodsDetail.do?goodsNo=A000000167155&dispCatNo=100000100090004&t_page=카테고리관&t_click=패드_전체__상품상세&t_number=45,더랩바이블랑두,더랩바이블랑두 그린 플라보노이드 2.5 패드,90매,45000,90매,,
패드,2,22,https://www.oliveyoung.co.kr/store/goods/getGoodsDetail.do?goodsNo=A000000153407&dispCatNo=100000100090004&t_page=카테고리관&t_click=패드_전체__상품상세&t_number=46,아이소이,아이소이 아크니닥터 1st 스팟 패드,,23800,60매,,
패드,2,23,https://www.oliveyoung.co.kr/store/goods/getGoodsDetail.do?goodsNo=A000000214189&dispCatNo=100000100090004&t_page=카테고리관&t_click=패드_전체__상품상세&t_number=47,메디큐브,메디큐브 엑소좀 시카 패드,100매+100매,33000,100매,,
패드,2,24,https://www.oliveyoung.co.kr/store/goods/getGoodsDetail.do?goodsNo=A000000214190&dispCatNo=100000100090004&t_page=카테고리관&t_click=패드_전체__상품상세&t_number=48,메디큐브,메디큐브 딥 비타 씨 패드,70매+70매,33000,70매,,
패드,3,1,https://www.oliveyoung.co.kr/store/goods/getGoodsDetail.do?goodsNo=A000000214358&dispCatNo=100000100090004&t_page=카테고리관&t_click=패드_전체__상품상세&t_number=49,메디큐브,메디큐브 패드 1,,33000,,,
패드,3,2,https://www.oliveyoung.co.kr/store/goods/getGoodsDetail.do?goodsNo=A000000186812&dispCatNo=100000100090004&t_page=카테고리관&t_click=패드_전체__상품상세&t_number=50,빌리프,빌리프 프라블럼 솔루션 비건 토너 패드,,36000,70매,,
패드,3,3,https://www.oliveyoung.co.kr/store/goods/getGoodsDetail.do?goodsNo=A000000219175&dispCatNo=100000100090004&t_page=카테고리관&t_click=패드_전체__상품상세&t_number=51,아누아,아누아 피디알엔 100 히알루론산 글로우 패드,,24000,60매,,
패드,3,4,https://www.oliveyoung.co.kr/store/goods/getGoodsDetail.do?goodsNo=A000000167143&dispCatNo=100000100090004&t_page=카테고리관&t_click=패드_전체__상품상세&t_number=52,더랩바이블랑두,더랩바이블랑두 올리고 히알루론산 7 멀티 포뮬라 패드,10매,28000,60매,,
패드,3,5,https://www.oliveyoung.co.kr/store/goods/getGoodsDetail.do?goodsNo=A000000214005&dispCatNo=100000100090004&t_page=카테고리관&t_click=패드_전체__상품상세&t_number=53,아비브,아비브 수분초 히알루론 패드 하이드레이팅 터치  어워즈,리필 75매+수분초스티커 1매,40000,75매,,
패드,3,6,https://www.oliveyoung.co.kr/store/goods/getGoodsDetail.do?goodsNo=A000000177913&dispCatNo=100000100090004&t_page=카테고리관&t_click=패드_전체__상품상세&t_number=54,토리든,토리든 밸런스풀 시카 토너 패드,10매 추가 증정,23000,60매,,
패드,3,7,https://www.oliveyoung.co.kr/store/goods/getGoodsDetail.do?goodsNo=A000000212466&dispCatNo=100000100090004&t_page=카테고리관&t_click=패드_전체__상품상세&t_number=55,바이오힐보,바이오힐보 판테셀 리페어시카 거즈 패드,,44800,80ml,,
패드,3,8,https://www.oliveyoung.co.kr/store/goods/getGoodsDetail.do?goodsNo=A000000206957&dispCatNo=100000100090004&t_page=카테고리관&t_click=패드_전체__상품상세&t_number=56,아비브,아비브 글루타치온좀 잡티 패드 비타 터치,,24000,60매,,
패드,3,9,https://www.oliveyoung.co.kr/store/goods/getGoodsDetail.do?goodsNo=A000000185115&dispCatNo=100000100090004&t_page=카테고리관&t_click=패드_전체__상품상세&t_number=57,브링그린,브링그린 티트리시카트러블수딩토너패드  단품,,21000,90매,,
패드,3,10,https://www.oliveyoung.co.kr/store/goods/getGoodsDetail.do?goodsNo=A000000155077&dispCatNo=100000100090004&t_page=카테고리관&t_click=패드_전체__상품상세&t_number=58,더랩바이블랑두,더랩바이블랑두 그린 플라보노이드 2.5 패드,12매,23000,90매,,
패드,3,11,https://www.oliveyoung.co.kr/store/goods/getGoodsDetail.do?goodsNo=A000000206129&dispCatNo=100000100090004&t_page=카테고리관&t_click=패드_전체__상품상세&t_number=59,셀퓨전씨,셀퓨전씨 포스트 알파 시카 쿨링 패드,,23000,70매,,
패드,3,12,https://www.oliveyoung.co.kr/store/goods/getGoodsDetail.do?goodsNo=A000000114731&dispCatNo=100000100090004&t_page=카테고리관&t_click=패드_전체__상품상세&t_number=60,스트라이덱스,스트라이덱스 센시티브 패드,,10900,55매,,
패드,3,13,https://www.oliveyoung.co.kr/store/goods/getGoodsDetail.do?goodsNo=A000000206151&dispCatNo=100000100090004&t_page=카테고리관&t_click=패드_전체__상품상세&t_number=61,이니스프리,이니스프리 비타민C 패드,리필패드 10매,28000,60매,,
패드,3,14,https://www.oliveyoung.co.kr/store/goods/getGoodsDetail.do?goodsNo=A000000215306&dispCatNo=100000100090004&t_page=카테고리관&t_click=패드_전체__상품상세&t_number=62,바이오던스,바이오던스 바이오 콜라겐 겔 토너 패드,4매 증정 기획 OY단독,26000,60매,,
패드,3,15,https://www.oliveyoung.co.kr/store/goods/getGoodsDetail.do?goodsNo=A000000172635&dispCatNo=100000100090004&t_page=카테고리관&t_click=패드_전체__상품상세&t_number=63,아드망,아드망 마린 켈프 아쿠아 모이스처 토너패드,,19800,60매,,
패드,3,16,https://www.oliveyoung.co.kr/store/goods/getGoodsDetail.do?goodsNo=A000000166713&dispCatNo=100000100090004&t_page=카테고리관&t_click=패드_전체__상품상세&t_number=64,스킨푸드,스킨푸드 미나리 클리어 패드,10매 증정,26000,60매,,
패드,3,17,https://www.oliveyoung.co.kr/store/goods/getGoodsDetail.do?goodsNo=A000000218013&dispCatNo=100000100090004&t_page=카테고리관&t_click=패드_전체__상품상세&t_number=65,더마토리,더마토리 히알루론 수분샘 엠보 패드,,26000,60매,,
패드,3,18,https://www.oliveyoung.co.kr/store/goods/getGoodsDetail.do?goodsNo=A000000160795&dispCatNo=100000100090004&t_page=카테고리관&t_click=패드_전체__상품상세&t_number=66,라운드랩,라운드랩 1025 독도 패드,10매,24000,70매,,
패드,3,19,https://www.oliveyoung.co.kr/store/goods/getGoodsDetail.do?goodsNo=A000000191799&dispCatNo=100000100090004&t_page=카테고리관&t_click=패드_전체__상품상세&t_number=67,센텔리안24,센텔리안24 마데카 멜라 캡처 앰플 패드,,26000,60매,,
패드,3,20,https://www.oliveyoung.co.kr/store/goods/getGoodsDetail.do?goodsNo=A000000204929&dispCatNo=100000100090004&t_page=카테고리관&t_click=패드_전체__상품상세&t_number=68,스킨푸드,스킨푸드 캐롯 카로틴 카밍 워터 패드,60매+30매+캐롯시트 2매 증정,32000,60매,,
패드,3,21,https://www.oliveyoung.co.kr/store/goods/getGoodsDetail.do?goodsNo=A000000206177&dispCatNo=100000100090004&t_page=카테고리관&t_click=패드_전체__상품상세&t_number=69,아비브,아비브 수분초 히알루론 패드 하이드레이팅 터치,75매 리필기획,40000,150매,,
패드,3,22,https://www.oliveyoung.co.kr/store/goods/getGoodsDetail.do?goodsNo=A000000218547&dispCatNo=100000100090004&t_page=카테고리관&t_click=패드_전체__상품상세&t_number=70,에스트라,에스트라 에이시카365 쿨링팩패드 pH4.5,,28000,60매,,
패드,3,23,https://www.oliveyoung.co.kr/store/goods/getGoodsDetail.do?goodsNo=A000000213266&dispCatNo=100000100090004&t_page=카테고리관&t_click=패드_전체__상품상세&t_number=71,아임프롬,아임프롬 라이스 토너 패드,,26000,60매,,
패드,3,24,https://www.oliveyoung.co.kr/store/goods/getGoodsDetail.do?goodsNo=A000000162184&dispCatNo=100000100090004&t_page=카테고리관&t_click=패드_전체__상품상세&t_number=72,코스알엑스,코스알엑스 원스텝 그린 카밍 패드,90매+90매 더블 기획,32000,180매,,
패드,4,1,https://www.oliveyoung.co.kr/store/goods/getGoodsDetail.do?goodsNo=A000000162185&dispCatNo=100000100090004&t_page=카테고리관&t_click=패드_전체__상품상세&t_number=73,코스알엑스,코스알엑스 원스텝 모이스쳐 업 패드,90매+90매 더블 기획,32000,180매,,
패드,4,2,https://www.oliveyoung.co.kr/store/goods/getGoodsDetail.do?goodsNo=A000000222817&dispCatNo=100000100090004&t_page=카테고리관&t_click=패드_전체__상품상세&t_number=74,파넬,파넬 아하 오미자 도자기 패드,,25000,60매,,
패드,4,3,https://www.oliveyoung.co.kr/store/goods/getGoodsDetail.do?goodsNo=A000000205870&dispCatNo=100000100090004&t_page=카테고리관&t_click=패드_전체__상품상세&t_number=75,스트라이덱스,스트라이덱스 맥스플러스패드,,12900,55매,,
패드,4,4,https://www.oliveyoung.co.kr/store/goods/getGoodsDetail.do?goodsNo=A000000190448&dispCatNo=100000100090004&t_page=카테고리관&t_click=패드_전체__상품상세&t_number=76,식물나라,식물나라 뽀얀쌀 맑은톤 클리어패드,100매+100매 리필,22800,100매,,
패드,4,5,https://www.oliveyoung.co.kr/store/goods/getGoodsDetail.do?goodsNo=A000000205780&dispCatNo=100000100090004&t_page=카테고리관&t_click=패드_전체__상품상세&t_number=77,메이크프렘,메이크프렘 인테카 트러블 수딩 패드,,28000,70매,,
패드,4,6,https://www.oliveyoung.co.kr/store/goods/getGoodsDetail.do?goodsNo=A000000190704&dispCatNo=100000100090004&t_page=카테고리관&t_click=패드_전체__상품상세&t_number=78,키노닉스,키노닉스 양배추 각질 진정 토너 패드,70매 리필기획,34000,70매,,
패드,4,7,https://www.oliveyoung.co.kr/store/goods/getGoodsDetail.do?goodsNo=A000000218937&dispCatNo=100000100090004&t_page=카테고리관&t_click=패드_전체__상품상세&t_number=79,셀리맥스,셀리맥스 브라이트닝 모공잡티패드,10매 증정기획,20000,40매,,
패드,4,8,https://www.oliveyoung.co.kr/store/goods/getGoodsDetail.do?goodsNo=A000000207819&dispCatNo=100000100090004&t_page=카테고리관&t_click=패드_전체__상품상세&t_number=80,니들리,니들리 데일리 토너 패드,10매 증정기획 OY단독,24900,60매,,
패드,4,9,https://www.oliveyoung.co.kr/store/goods/getGoodsDetail.do?goodsNo=A000000207440&dispCatNo=100000100090004&t_page=카테고리관&t_click=패드_전체__상품상세&t_number=81,브링그린,브링그린 대나무히알루수분부스팅토너패드,80매리필기획,37800,80매,,
패드,4,10,https://www.oliveyoung.co.kr/store/goods/getGoodsDetail.do?goodsNo=A000000216616&dispCatNo=100000100090004&t_page=카테고리관&t_click=패드_전체__상품상세&t_number=82,바이오힐보,바이오힐보 비타시너지 기미잡티 토닝 세럼 패드,,28000,70매,,
패드,4,11,https://www.oliveyoung.co.kr/store/goods/getGoodsDetail.do?goodsNo=A000000183681&dispCatNo=100000100090004&t_page=카테고리관&t_click=패드_전체__상품상세&t_number=83,러븀,러븀 카밍 리페어 어린시카 스팟 패드,,23000,60매,,
패드,4,12,https://www.oliveyoung.co.kr/store/goods/getGoodsDetail.do?goodsNo=A000000199341&dispCatNo=100000100090004&t_page=카테고리관&t_click=패드_전체__상품상세&t_number=84,비플레인,비플레인 시카테롤 블레미쉬 패드,20매 증정기획,26000,70매,,
패드,4,13,https://www.oliveyoung.co.kr/store/goods/getGoodsDetail.do?goodsNo=A000000218168&dispCatNo=100000100090004&t_page=카테고리관&t_click=패드_전체__상품상세&t_number=85,바이오던스,바이오던스 겔 토너 패드,,26000,60매,,
패드,4,14,https://www.oliveyoung.co.kr/store/goods/getGoodsDetail.do?goodsNo=A000000208089&dispCatNo=100000100090004&t_page=카테고리관&t_click=패드_전체__상품상세&t_number=86,오어스,오어스 민들레 진정 토너패드,,21000,90매,,
패드,4,15,https://www.oliveyoung.co.kr/store/goods/getGoodsDetail.do?goodsNo=A000000202305&dispCatNo=100000100090004&t_page=카테고리관&t_click=패드_전체__상품상세&t_number=87,듀이트리,듀이트리 픽앤퀵 뜯어쓰는  패드,,26000,100매,,
패드,4,16,https://www.oliveyoung.co.kr/store/goods/getGoodsDetail.do?goodsNo=A000000180954&dispCatNo=100000100090004&t_page=카테고리관&t_click=패드_전체__상품상세&t_number=88,잇츠스킨,잇츠스킨 파워10 포뮬라 엘아이 젤리패드 감초줄렌,10매,25000,70매,,
패드,4,17,https://www.oliveyoung.co.kr/store/goods/getGoodsDetail.do?goodsNo=A000000161669&dispCatNo=100000100090004&t_page=카테고리관&t_click=패드_전체__상품상세&t_number=89,메디큐브,메디큐브 제로 모공 패드 마일드,,24500,70매,,
패드,4,18,https://www.oliveyoung.co.kr/store/goods/getGoodsDetail.do?goodsNo=A000000190424&dispCatNo=100000100090004&t_page=카테고리관&t_click=패드_전체__상품상세&t_number=90,스킨푸드,스킨푸드 도토리 모공 탄력 패드,"10매, 도토리시트 1매 증정기획",26000,60매,,
패드,4,19,https://www.oliveyoung.co.kr/store/goods/getGoodsDetail.do?goodsNo=A000000160791&dispCatNo=100000100090004&t_page=카테고리관&t_click=패드_전체__상품상세&t_number=91,라운드랩,라운드랩 자작나무 수분 패드,10매,25000,80매,,
패드,4,20,https://www.oliveyoung.co.kr/store/goods/getGoodsDetail.do?goodsNo=A000000182711&dispCatNo=100000100090004&t_page=카테고리관&t_click=패드_전체__상품상세&t_number=92,잇츠스킨,잇츠스킨 파워10 포뮬라 엘아이 토너패드,,25000,60매,,
패드,4,21,https://www.oliveyoung.co.kr/store/goods/getGoodsDetail.do?goodsNo=A000000198717&dispCatNo=100000100090004&t_page=카테고리관&t_click=패드_전체__상품상세&t_number=93,아비브,아비브 부활초 콜라겐 패드 퍼밍 터치,,24000,60매,,
패드,4,22,https://www.oliveyoung.co.kr/store/goods/getGoodsDetail.do?goodsNo=A000000208005&dispCatNo=100000100090004&t_page=카테고리관&t_click=패드_전체__상품상세&t_number=94,시카,시카 카밍토너패드,,4500,10매,,
패드,4,23,https://www.oliveyoung.co.kr/store/goods/getGoodsDetail.do?goodsNo=A000000146230&dispCatNo=100000100090004&t_page=카테고리관&t_click=패드_전체__상품상세&t_number=95,셀퓨전씨,셀퓨전씨 트리악 모공톡스 패드,,16500,60매,,
패드,4,24,https://www.oliveyoung.co.kr/store/goods/getGoodsDetail.do?goodsNo=A000000203700&dispCatNo=100000100090004&t_page=카테고리관&t_click=패드_전체__상품상세&t_number=96,아비브,아비브 그린 LHA 모공 패드 클리어 터치,,24000,60매,,
패드,5,1,https://www.oliveyoung.co.kr/store/goods/getGoodsDetail.do?goodsNo=A000000131773&dispCatNo=100000100090004&t_page=카테고리관&t_click=패드_전체__상품상세&t_number=97,스트라이덱스,스트라이덱스 센시티브 패드,55매+55매 더블 기획,21500,55매,,
패드,5,2,https://www.oliveyoung.co.kr/store/goods/getGoodsDetail.do?goodsNo=A000000219404&dispCatNo=100000100090004&t_page=카테고리관&t_click=패드_전체__상품상세&t_number=98,듀이트리,듀이트리 AC 딥 흔적 진정 잡티 패드,,24000,80매,,
패드,5,3,https://www.oliveyoung.co.kr/store/goods/getGoodsDetail.do?goodsNo=A000000214995&dispCatNo=100000100090004&t_page=카테고리관&t_click=패드_전체__상품상세&t_number=99,브링그린,브링그린 사철쑥카밍EX토너패드,,21000,75매,,
패드,5,4,https://www.oliveyoung.co.kr/store/goods/getGoodsDetail.do?goodsNo=A000000189182&dispCatNo=100000100090004&t_page=카테고리관&t_click=패드_전체__상품상세&t_number=100,식물나라,식물나라 뽀얀쌀 맑은톤 클리어패드,,19800,100매,,
패드,5,5,https://www.oliveyoung.co.kr/store/goods/getGoodsDetail.do?goodsNo=A000000185135&dispCatNo=100000100090004&t_page=카테고리관&t_click=패드_전체__상품상세&t_number=101,스킨푸드,스킨푸드 미나리 마스크시트,3매 증정기획,21000,7매,,
패드,5,6,https://www.oliveyoung.co.kr/store/goods/getGoodsDetail.do?goodsNo=A000000188762&dispCatNo=100000100090004&t_page=카테고리관&t_click=패드_전체__상품상세&t_number=102,스트라이덱스,스트라이덱스 어성초 카밍 패드,,19000,70매,,
패드,5,7,https://www.oliveyoung.co.kr/store/goods/getGoodsDetail.do?goodsNo=A000000205183&dispCatNo=100000100090004&t_page=카테고리관&t_click=패드_전체__상품상세&t_number=103,로벡틴,로벡틴 포어케어 노세범 패드 휴대용,,11800,20매,,
패드,5,8,https://www.oliveyoung.co.kr/store/goods/getGoodsDetail.do?goodsNo=A000000134899&dispCatNo=100000100090004&t_page=카테고리관&t_click=패드_전체__상품상세&t_number=104,아리얼,아리얼 스트레스 릴리빙 데일리 픽 패드  2종 중 택1,,5900,,,
패드,5,9,https://www.oliveyoung.co.kr/store/goods/getGoodsDetail.do?goodsNo=A000000107759&dispCatNo=100000100090004&t_page=카테고리관&t_click=패드_전체__상품상세&t_number=105,나이팅게일,나이팅게일 티트리 카밍패드,,13800,60매,,
패드,5,10,https://www.oliveyoung.co.kr/store/goods/getGoodsDetail.do?goodsNo=A000000110642&dispCatNo=100000100090004&t_page=카테고리관&t_click=패드_전체__상품상세&t_number=106,BRTC,BRTC V10 비타민 필링패드,,15000,80매,,
패드,5,11,https://www.oliveyoung.co.kr/store/goods/getGoodsDetail.do?goodsNo=A000000121558&dispCatNo=100000100090004&t_page=카테고리관&t_click=패드_전체__상품상세&t_number=107,네오젠,네오젠 리얼 참숯 토너 패드,,18000,60매,,
패드,5,12,https://www.oliveyoung.co.kr/store/goods/getGoodsDetail.do?goodsNo=A000000137679&dispCatNo=100000100090004&t_page=카테고리관&t_click=패드_전체__상품상세&t_number=108,닥터지,닥터지 레드 블레미쉬 클리어 퀵 수딩 패드,,28000,70매,,
패드,5,13,https://www.oliveyoung.co.kr/store/goods/getGoodsDetail.do?goodsNo=A000000139945&dispCatNo=100000100090004&t_page=카테고리관&t_click=패드_전체__상품상세&t_number=109,네오젠,네오젠 프로바이오틱스 릴리프 토닝패드,,19000,50매,,
패드,5,14,https://www.oliveyoung.co.kr/store/goods/getGoodsDetail.do?goodsNo=A000000141729&dispCatNo=100000100090004&t_page=카테고리관&t_click=패드_전체__상품상세&t_number=110,와인,와인 탄력필링 패드,,22900,30매,,
패드,5,15,https://www.oliveyoung.co.kr/store/goods/getGoodsDetail.do?goodsNo=A000000141730&dispCatNo=100000100090004&t_page=카테고리관&t_click=패드_전체__상품상세&t_number=111,그린티,그린티 모이스트 수분필링 패드,,22900,30매,,
패드,5,16,https://www.oliveyoung.co.kr/store/goods/getGoodsDetail.do?goodsNo=A000000141735&dispCatNo=100000100090004&t_page=카테고리관&t_click=패드_전체__상품상세&t_number=112,네오젠,네오젠 카밍 시카&티트리 진정 토너 패드,,17000,90매,,
패드,5,17,https://www.oliveyoung.co.kr/store/goods/getGoodsDetail.do?goodsNo=A000000141930&dispCatNo=100000100090004&t_page=카테고리관&t_click=패드_전체__상품상세&t_number=113,시카고,시카고 시카 스피디 카밍 패드,,29800,100g,,
패드,5,18,https://www.oliveyoung.co.kr/store/goods/getGoodsDetail.do?goodsNo=A000000145929&dispCatNo=100000100090004&t_page=카테고리관&t_click=패드_전체__상품상세&t_number=114,코스알엑스,코스알엑스 퓨어 핏 시카 패드 팩,,24500,90매,,
패드,5,19,https://www.oliveyoung.co.kr/store/goods/getGoodsDetail.do?goodsNo=A000000147680&dispCatNo=100000100090004&t_page=카테고리관&t_click=패드_전체__상품상세&t_number=115,마녀공장,마녀공장 비피다 바이옴 앰플 패드,,24000,70매,,
패드,5,20,https://www.oliveyoung.co.kr/store/goods/getGoodsDetail.do?goodsNo=A000000147695&dispCatNo=100000100090004&t_page=카테고리관&t_click=패드_전체__상품상세&t_number=116,야다,야다 선인장 토너패드,본품 60매+10매 추가 증정,22000,60매,,
패드,5,21,https://www.oliveyoung.co.kr/store/goods/getGoodsDetail.do?goodsNo=A000000148504&dispCatNo=100000100090004&t_page=카테고리관&t_click=패드_전체__상품상세&t_number=117,아이소이,아이소이 블레미쉬 케어 패드,,23800,60매,,
패드,5,22,https://www.oliveyoung.co.kr/store/goods/getGoodsDetail.do?goodsNo=A000000149229&dispCatNo=100000100090004&t_page=카테고리관&t_click=패드_전체__상품상세&t_number=118,슈레피,슈레피 겟리프 트윈 패드팩,,24900,20팩,,
패드,5,23,https://www.oliveyoung.co.kr/store/goods/getGoodsDetail.do?goodsNo=A000000150012&dispCatNo=100000100090004&t_page=카테고리관&t_click=패드_전체__상품상세&t_number=119,슈레피,슈레피 겟리프 트윈 패드팩,,45000,40팩,,
패드,5,24,https://www.oliveyoung.co.kr/store/goods/getGoodsDetail.do?goodsNo=A000000151295&dispCatNo=100000100090004&t_page=카테고리관&t_click=패드_전체__상품상세&t_number=120,코스알엑스,코스알엑스 풀핏 프로폴리스 시너지 패드,,22500,70매,,
패드,6,1,https://www.oliveyoung.co.kr/store/goods/getGoodsDetail.do?goodsNo=A000000151997&dispCatNo=100000100090004&t_page=카테고리관&t_click=패드_전체__상품상세&t_number=121,닥터지,닥터지 브라이트닝 비타 필링 패드,,25000,70매,,
패드,6,2,https://www.oliveyoung.co.kr/store/goods/getGoodsDetail.do?goodsNo=A000000156126&dispCatNo=100000100090004&t_page=카테고리관&t_click=패드_전체__상품상세&t_number=122,닥터디퍼런트,닥터디퍼런트 시카 메탈 카밍패드,,24000,90ml,,
패드,6,3,https://www.oliveyoung.co.kr/store/goods/getGoodsDetail.do?goodsNo=A000000157639&dispCatNo=100000100090004&t_page=카테고리관&t_click=패드_전체__상품상세&t_number=123,키노닉스,키노닉스 양배추 각질 진정 패드,70매+10매,22000,70매,,
패드,6,4,https://www.oliveyoung.co.kr/store/goods/getGoodsDetail.do?goodsNo=A000000158794&dispCatNo=100000100090004&t_page=카테고리관&t_click=패드_전체__상품상세&t_number=124,파파레서피,파파레서피 티트리 진정 컨트롤 패드,,25000,70매,,
패드,6,5,https://www.oliveyoung.co.kr/store/goods/getGoodsDetail.do?goodsNo=A000000160785&dispCatNo=100000100090004&t_page=카테고리관&t_click=패드_전체__상품상세&t_number=125,미샤,미샤 비타씨 플러스 잡티씨 앰플 패드,,25000,,,
패드,6,6,https://www.oliveyoung.co.kr/store/goods/getGoodsDetail.do?goodsNo=A000000161031&dispCatNo=100000100090004&t_page=카테고리관&t_click=패드_전체__상품상세&t_number=126,나인위시스,나인위시스 pH 캄 시카 토너패드,,24000,70매,,
패드,6,7,https://www.oliveyoung.co.kr/store/goods/getGoodsDetail.do?goodsNo=A000000161656&dispCatNo=100000100090004&t_page=카테고리관&t_click=패드_전체__상품상세&t_number=127,다자연,다자연 어성초 목화솜 토너 패드,,25000,80매,,
패드,6,8,https://www.oliveyoung.co.kr/store/goods/getGoodsDetail.do?goodsNo=A000000162037&dispCatNo=100000100090004&t_page=카테고리관&t_click=패드_전체__상품상세&t_number=128,웰라쥬,웰라쥬 리얼 히알루로닉 블루 토너 패드,원데이키트1ea,24000,70매,,
패드,6,9,https://www.oliveyoung.co.kr/store/goods/getGoodsDetail.do?goodsNo=A000000163086&dispCatNo=100000100090004&t_page=카테고리관&t_click=패드_전체__상품상세&t_number=129,토리든,토리든 다이브인 저분자 히알루론산 멀티패드,,23000,80매,,
패드,6,10,https://www.oliveyoung.co.kr/store/goods/getGoodsDetail.do?goodsNo=A000000163549&dispCatNo=100000100090004&t_page=카테고리관&t_click=패드_전체__상품상세&t_number=130,니들리,니들리 데일리 토너 패드,본품 60매+ 리필팩 60매 더블 기획,42000,60매,,
패드,6,11,https://www.oliveyoung.co.kr/store/goods/getGoodsDetail.do?goodsNo=A000000164926&dispCatNo=100000100090004&t_page=카테고리관&t_click=패드_전체__상품상세&t_number=131,아임프롬,아임프롬 비트 리프레쉬 패드,,24000,60매,,
패드,6,12,https://www.oliveyoung.co.kr/store/goods/getGoodsDetail.do?goodsNo=A000000165145&dispCatNo=100000100090004&t_page=카테고리관&t_click=패드_전체__상품상세&t_number=132,코스알엑스,코스알엑스 원스텝 그린 카밍 패드,,19000,90매,,
패드,6,13,https://www.oliveyoung.co.kr/store/goods/getGoodsDetail.do?goodsNo=A000000165146&dispCatNo=100000100090004&t_page=카테고리관&t_click=패드_전체__상품상세&t_number=133,코스알엑스,코스알엑스 원스텝 모이스쳐 업 패드,,19000,90매,,
패드,6,14,https://www.oliveyoung.co.kr/store/goods/getGoodsDetail.do?goodsNo=A000000166404&dispCatNo=100000100090004&t_page=카테고리관&t_click=패드_전체__상품상세&t_number=134,닥터지,닥터지 레드 블레미쉬 클리어 퀵 수딩 패드,70매+70매 더블 기획,50000,70매,,
패드,6,15,https://www.oliveyoung.co.kr/store/goods/getGoodsDetail.do?goodsNo=A000000169028&dispCatNo=100000100090004&t_page=카테고리관&t_click=패드_전체__상품상세&t_number=135,휴캄,휴캄 수분결 토너 패드,,28000,90매,,
패드,6,16,https://www.oliveyoung.co.kr/store/goods/getGoodsDetail.do?goodsNo=A000000169031&dispCatNo=100000100090004&t_page=카테고리관&t_click=패드_전체__상품상세&t_number=136,포밤,포밤 문라이트 토너패드,,21000,70매,,
패드,6,17,https://www.oliveyoung.co.kr/store/goods/getGoodsDetail.do?goodsNo=A000000169452&dispCatNo=100000100090004&t_page=카테고리관&t_click=패드_전체__상품상세&t_number=137,아비브,아비브 수분초 히알루론 패드 하이드레이팅 터치,,24000,75매,,
패드,6,18,https://www.oliveyoung.co.kr/store/goods/getGoodsDetail.do?goodsNo=A000000170181&dispCatNo=100000100090004&t_page=카테고리관&t_click=패드_전체__상품상세&t_number=138,피캄,피캄 베리어 사이클 토너 패드,,26500,60매,,
패드,6,19,https://www.oliveyoung.co.kr/store/goods/getGoodsDetail.do?goodsNo=A000000170195&dispCatNo=100000100090004&t_page=카테고리관&t_click=패드_전체__상품상세&t_number=139,키노닉스,키노닉스 아줄렌 수분 밀착 패드,,26000,80매,,
패드,6,20,https://www.oliveyoung.co.kr/store/goods/getGoodsDetail.do?goodsNo=A000000170295&dispCatNo=100000100090004&t_page=카테고리관&t_click=패드_전체__상품상세&t_number=140,아비브,아비브 수분초 히알루론 패드 하이드레이팅 터치,10매 추가 증정,24000,75매,,
패드,6,21,https://www.oliveyoung.co.kr/store/goods/getGoodsDetail.do?goodsNo=A000000171709&dispCatNo=100000100090004&t_page=카테고리관&t_click=패드_전체__상품상세&t_number=141,아비브,아비브 패드 5종 택1,,24000,,,
패드,6,22,https://www.oliveyoung.co.kr/store/goods/getGoodsDetail.do?goodsNo=A000000171827&dispCatNo=100000100090004&t_page=카테고리관&t_click=패드_전체__상품상세&t_number=142,키노닉스,키노닉스 아줄렌 수분 밀착 패드,80매+10매,26000,80매,,
패드,6,23,https://www.oliveyoung.co.kr/store/goods/getGoodsDetail.do?goodsNo=A000000172634&dispCatNo=100000100090004&t_page=카테고리관&t_click=패드_전체__상품상세&t_number=143,아드망,아드망 베르가못 포어 클리어링 토너패드,,19800,60매,,
패드,6,24,https://www.oliveyoung.co.kr/store/goods/getGoodsDetail.do?goodsNo=A000000172637&dispCatNo=100000100090004&t_page=카테고리관&t_click=패드_전체__상품상세&t_number=144,시초,시초 딜라이트 토너패드,,27000,80매,,
패드,7,1,https://www.oliveyoung.co.kr/store/goods/getGoodsDetail.do?goodsNo=A000000172643&dispCatNo=100000100090004&t_page=카테고리관&t_click=패드_전체__상품상세&t_number=145,시초,시초 단델리온 래디언스 세럼 패드,,29000,90매,,
패드,7,2,https://www.oliveyoung.co.kr/store/goods/getGoodsDetail.do?goodsNo=A000000174625&dispCatNo=100000100090004&t_page=카테고리관&t_click=패드_전체__상품상세&t_number=146,투쿨포스쿨,투쿨포스쿨 에그 시카 앰플 패드,,22000,70매,,
패드,7,3,https://www.oliveyoung.co.kr/store/goods/getGoodsDetail.do?goodsNo=A000000175045&dispCatNo=100000100090004&t_page=카테고리관&t_click=패드_전체__상품상세&t_number=147,해서린,해서린 스팟케어 클리어패드,,25000,70매,,
패드,7,4,https://www.oliveyoung.co.kr/store/goods/getGoodsDetail.do?goodsNo=A000000175188&dispCatNo=100000100090004&t_page=카테고리관&t_click=패드_전체__상품상세&t_number=148,파파레서피,파파레서피 가지 클리어링 수분 각질 필링 패드 토너,,25000,70매,,
패드,7,5,https://www.oliveyoung.co.kr/store/goods/getGoodsDetail.do?goodsNo=A000000175352&dispCatNo=100000100090004&t_page=카테고리관&t_click=패드_전체__상품상세&t_number=149,아페리레,아페리레 순수 블루 빙하수 토너 패드,,28000,70매,,
패드,7,6,https://www.oliveyoung.co.kr/store/goods/getGoodsDetail.do?goodsNo=A000000175428&dispCatNo=100000100090004&t_page=카테고리관&t_click=패드_전체__상품상세&t_number=150,메디큐브,메디큐브 딥 비타 씨 패드,,29400,70매,,
패드,7,7,https://www.oliveyoung.co.kr/store/goods/getGoodsDetail.do?goodsNo=A000000176334&dispCatNo=100000100090004&t_page=카테고리관&t_click=패드_전체__상품상세&t_number=151,제이준,제이준 잇 비건 탠지 워터리 패드,,27000,50매,,
패드,7,8,https://www.oliveyoung.co.kr/store/goods/getGoodsDetail.do?goodsNo=A000000176335&dispCatNo=100000100090004&t_page=카테고리관&t_click=패드_전체__상품상세&t_number=152,제이준,제이준 잇 비건 편백 시카 카밍 패드,20매 증정기획,27000,50매,,
패드,7,9,https://www.oliveyoung.co.kr/store/goods/getGoodsDetail.do?goodsNo=A000000180832&dispCatNo=100000100090004&t_page=카테고리관&t_click=패드_전체__상품상세&t_number=153,앱솔룹,앱솔룹 원샷 포어 클리어 패드,,32000,60매,,
패드,7,10,https://www.oliveyoung.co.kr/store/goods/getGoodsDetail.do?goodsNo=A000000181166&dispCatNo=100000100090004&t_page=카테고리관&t_click=패드_전체__상품상세&t_number=154,아임프롬,아임프롬 민감초 패드,,26000,60매,,
패드,7,11,https://www.oliveyoung.co.kr/store/goods/getGoodsDetail.do?goodsNo=A000000181380&dispCatNo=100000100090004&t_page=카테고리관&t_click=패드_전체__상품상세&t_number=155,에필로우,에필로우 어성초 마데카소사이드 트러블 수딩 패드,,26000,100매,,
패드,7,12,https://www.oliveyoung.co.kr/store/goods/getGoodsDetail.do?goodsNo=A000000181381&dispCatNo=100000100090004&t_page=카테고리관&t_click=패드_전체__상품상세&t_number=156,에필로우,에필로우 차가버섯 콜라겐 LHA 매끈결 모공 패드,,26000,70매,,
패드,7,13,https://www.oliveyoung.co.kr/store/goods/getGoodsDetail.do?goodsNo=A000000182796&dispCatNo=100000100090004&t_page=카테고리관&t_click=패드_전체__상품상세&t_number=157,파넬,파넬 애플비니거 포어 패드,,24000,60매,,
패드,7,14,https://www.oliveyoung.co.kr/store/goods/getGoodsDetail.do?goodsNo=A000000182870&dispCatNo=100000100090004&t_page=카테고리관&t_click=패드_전체__상품상세&t_number=158,라타플랑,라타플랑 미나리 진정 패드,10매,25000,60매,,
패드,7,15,https://www.oliveyoung.co.kr/store/goods/getGoodsDetail.do?goodsNo=A000000183438&dispCatNo=100000100090004&t_page=카테고리관&t_click=패드_전체__상품상세&t_number=159,메디앤서,메디앤서 포어 콜라겐 클리어 패드,10매,26000,80매,,
패드,7,16,https://www.oliveyoung.co.kr/store/goods/getGoodsDetail.do?goodsNo=A000000184701&dispCatNo=100000100090004&t_page=카테고리관&t_click=패드_전체__상품상세&t_number=160,메디앤서,메디앤서 콜라겐 글로우 패드   2종 중 택1,10매 기획,26000,80매,,
패드,7,17,https://www.oliveyoung.co.kr/store/goods/getGoodsDetail.do?goodsNo=A000000185398&dispCatNo=100000100090004&t_page=카테고리관&t_click=패드_전체__상품상세&t_number=161,바닐라코,바닐라코 클린잇제로 핑크 수분 토너 패드,,24000,70매,,
패드,7,18,https://www.oliveyoung.co.kr/store/goods/getGoodsDetail.do?goodsNo=A000000185713&dispCatNo=100000100090004&t_page=카테고리관&t_click=패드_전체__상품상세&t_number=162,아임프롬,아임프롬 민감초 클리어 패드,20매 증정기획,26000,60매,,
패드,7,19,https://www.oliveyoung.co.kr/store/goods/getGoodsDetail.do?goodsNo=A000000186373&dispCatNo=100000100090004&t_page=카테고리관&t_click=패드_전체__상품상세&t_number=163,마녀공장,마녀공장 히더 카밍 에센스 패드,,28000,60매,,
패드,7,20,https://www.oliveyoung.co.kr/store/goods/getGoodsDetail.do?goodsNo=A000000186925&dispCatNo=100000100090004&t_page=카테고리관&t_click=패드_전체__상품상세&t_number=164,센텔리안24,센텔리안24 마데카 리얼 그린 포어 패드,,28000,60매,,
패드,7,21,https://www.oliveyoung.co.kr/store/goods/getGoodsDetail.do?goodsNo=A000000187231&dispCatNo=100000100090004&t_page=카테고리관&t_click=패드_전체__상품상세&t_number=165,오휘,오휘 미라클 토닝 워터 패드,,35000,70매,,
패드,7,22,https://www.oliveyoung.co.kr/store/goods/getGoodsDetail.do?goodsNo=A000000187310&dispCatNo=100000100090004&t_page=카테고리관&t_click=패드_전체__상품상세&t_number=166,한율,한율 부들밤 모공수축 패드,20매 기획,29000,50매,,
패드,7,23,https://www.oliveyoung.co.kr/store/goods/getGoodsDetail.do?goodsNo=A000000188371&dispCatNo=100000100090004&t_page=카테고리관&t_click=패드_전체__상품상세&t_number=167,더마토리,더마토리 레티날 탄력 앰플 패드,,26000,80매,,
패드,7,24,https://www.oliveyoung.co.kr/store/goods/getGoodsDetail.do?goodsNo=A000000188750&dispCatNo=100000100090004&t_page=카테고리관&t_click=패드_전체__상품상세&t_number=168,몰바니,몰바니 아티초크 수딩 아크네 포어 토너 패드,,27000,70매,,
패드,8,1,https://www.oliveyoung.co.kr/store/goods/getGoodsDetail.do?goodsNo=A000000189173&dispCatNo=100000100090004&t_page=카테고리관&t_click=패드_전체__상품상세&t_number=169,니들리,니들리 비타C 글로우 젤리 패드,,25000,60매,,
패드,8,2,https://www.oliveyoung.co.kr/store/goods/getGoodsDetail.do?goodsNo=A000000189706&dispCatNo=100000100090004&t_page=카테고리관&t_click=패드_전체__상품상세&t_number=170,구달,구달 청귤 비타C 잡티케어 패드,10매 증정,26000,70매,,
패드,8,3,https://www.oliveyoung.co.kr/store/goods/getGoodsDetail.do?goodsNo=A000000191038&dispCatNo=100000100090004&t_page=카테고리관&t_click=패드_전체__상품상세&t_number=171,믹순,믹순 두유패드 10개입,,19800,,,
패드,8,4,https://www.oliveyoung.co.kr/store/goods/getGoodsDetail.do?goodsNo=A000000191303&dispCatNo=100000100090004&t_page=카테고리관&t_click=패드_전체__상품상세&t_number=172,원씽,원씽 시카 필링 토너 패드,,27000,65매,,
패드,8,5,https://www.oliveyoung.co.kr/store/goods/getGoodsDetail.do?goodsNo=A000000191484&dispCatNo=100000100090004&t_page=카테고리관&t_click=패드_전체__상품상세&t_number=173,키네프,키네프 하이드라카밍 토너 패드,,22000,60매,,
패드,8,6,https://www.oliveyoung.co.kr/store/goods/getGoodsDetail.do?goodsNo=A000000191485&dispCatNo=100000100090004&t_page=카테고리관&t_click=패드_전체__상품상세&t_number=174,키네프,키네프 하이드라시카 수분 패드,,29000,60매,,
패드,8,7,https://www.oliveyoung.co.kr/store/goods/getGoodsDetail.do?goodsNo=A000000191893&dispCatNo=100000100090004&t_page=카테고리관&t_click=패드_전체__상품상세&t_number=175,후시다인,후시다인 더마 트러블 클리어 토너패드,,28000,60매,,
패드,8,8,https://www.oliveyoung.co.kr/store/goods/getGoodsDetail.do?goodsNo=A000000192273&dispCatNo=100000100090004&t_page=카테고리관&t_click=패드_전체__상품상세&t_number=176,글로웍스,글로웍스 필리 앰플 명주실 패드,,40000,70매,,
패드,8,9,https://www.oliveyoung.co.kr/store/goods/getGoodsDetail.do?goodsNo=A000000192274&dispCatNo=100000100090004&t_page=카테고리관&t_click=패드_전체__상품상세&t_number=177,글로웍스,글로웍스 죽순 시카 패드,,28000,60매,,
패드,8,10,https://www.oliveyoung.co.kr/store/goods/getGoodsDetail.do?goodsNo=A000000198629&dispCatNo=100000100090004&t_page=카테고리관&t_click=패드_전체__상품상세&t_number=178,더마토리,더마토리 레티날 탄력 앰플 패드,,39000,160매,,
패드,8,11,https://www.oliveyoung.co.kr/store/goods/getGoodsDetail.do?goodsNo=A000000199207&dispCatNo=100000100090004&t_page=카테고리관&t_click=패드_전체__상품상세&t_number=179,한율,한율 5분 잡티톤업패드,달빛유자/어린쑥/부들밤 10매 추가 증정,29000,10매,,
패드,8,12,https://www.oliveyoung.co.kr/store/goods/getGoodsDetail.do?goodsNo=A000000199666&dispCatNo=100000100090004&t_page=카테고리관&t_click=패드_전체__상품상세&t_number=180,리얼베리어,리얼베리어 익스트림 판테놀 토너 패드,10매 증정기획,25000,80매,,
패드,8,13,https://www.oliveyoung.co.kr/store/goods/getGoodsDetail.do?goodsNo=A000000200373&dispCatNo=100000100090004&t_page=카테고리관&t_click=패드_전체__상품상세&t_number=181,아크네스,아크네스 3초 진정 토너 패드,40매 리필기획,21000,70매,,
패드,8,14,https://www.oliveyoung.co.kr/store/goods/getGoodsDetail.do?goodsNo=A000000200396&dispCatNo=100000100090004&t_page=카테고리관&t_click=패드_전체__상품상세&t_number=182,스킨푸드,스킨푸드 감자 마데카소사이드 수딩 패드,,26000,60매,,
패드,8,15,https://www.oliveyoung.co.kr/store/goods/getGoodsDetail.do?goodsNo=A000000201166&dispCatNo=100000100090004&t_page=카테고리관&t_click=패드_전체__상품상세&t_number=183,이니스프리,이니스프리 비타민C 잡티 토닝 패드,,28000,60매,,
패드,8,16,https://www.oliveyoung.co.kr/store/goods/getGoodsDetail.do?goodsNo=A000000201208&dispCatNo=100000100090004&t_page=카테고리관&t_click=패드_전체__상품상세&t_number=184,잇츠스킨,잇츠스킨 파워10 포뮬라 엘아이 젤리 패드 감초줄렌,70매 리필기획,40000,70매,,
패드,8,17,https://www.oliveyoung.co.kr/store/goods/getGoodsDetail.do?goodsNo=A000000202534&dispCatNo=100000100090004&t_page=카테고리관&t_click=패드_전체__상품상세&t_number=185,구달,구달 어성초 히알루론 수딩 클리어 패드,10매 증정,26000,70매,,
패드,8,18,https://www.oliveyoung.co.kr/store/goods/getGoodsDetail.do?goodsNo=A000000203005&dispCatNo=100000100090004&t_page=카테고리관&t_click=패드_전체__상품상세&t_number=186,오브제,오브제 인텐스 칠링 패드,,26900,70매,,
패드,8,19,https://www.oliveyoung.co.kr/store/goods/getGoodsDetail.do?goodsNo=A000000203263&dispCatNo=100000100090004&t_page=카테고리관&t_click=패드_전체__상품상세&t_number=187,다자연,다자연 어성초 목화솜 토너 패드,80매+80매,45000,80매,,
패드,8,20,https://www.oliveyoung.co.kr/store/goods/getGoodsDetail.do?goodsNo=A000000203334&dispCatNo=100000100090004&t_page=카테고리관&t_click=패드_전체__상품상세&t_number=188,아이오페,아이오페 스킨 부스터 앰플 필 패드 5,,25000,1매,,
패드,8,21,https://www.oliveyoung.co.kr/store/goods/getGoodsDetail.do?goodsNo=A000000204529&dispCatNo=100000100090004&t_page=카테고리관&t_click=패드_전체__상품상세&t_number=189,스킨푸드,스킨푸드 샤인머스캣 시카 바하 토너패드,,26000,70매,,
패드,8,22,https://www.oliveyoung.co.kr/store/goods/getGoodsDetail.do?goodsNo=A000000204741&dispCatNo=100000100090004&t_page=카테고리관&t_click=패드_전체__상품상세&t_number=190,로벡틴,로벡틴 포어케어 노세범 패드,10매 증정기획,24000,60매,,
패드,8,23,https://www.oliveyoung.co.kr/store/goods/getGoodsDetail.do?goodsNo=A000000204799&dispCatNo=100000100090004&t_page=카테고리관&t_click=패드_전체__상품상세&t_number=191,더마토리,더마토리 히알샷 베리어 B5 패드,,26000,70매,,
패드,8,24,https://www.oliveyoung.co.kr/store/goods/getGoodsDetail.do?goodsNo=A000000205488&dispCatNo=100000100090004&t_page=카테고리관&t_click=패드_전체__상품상세&t_number=192,투쿨포스쿨,투쿨포스쿨 에그 시카 앰플 패드,70매+70매,44000,70매,,
패드,9,1,https://www.oliveyoung.co.kr/store/goods/getGoodsDetail.do?goodsNo=A000000205838&dispCatNo=100000100090004&t_page=카테고리관&t_click=패드_전체__상품상세&t_number=193,이즈앤트리,이즈앤트리 초저분자 히아루론산 징크 쿨링 패드,,24000,60매,,
패드,9,2,https://www.oliveyoung.co.kr/store/goods/getGoodsDetail.do?goodsNo=A000000206624&dispCatNo=100000100090004&t_page=카테고리관&t_click=패드_전체__상품상세&t_number=194,러븀,러븀 위치하젤 히알루론산 토너 패드,10매 증정기획,23000,60매,,
패드,9,3,https://www.oliveyoung.co.kr/store/goods/getGoodsDetail.do?goodsNo=A000000207709&dispCatNo=100000100090004&t_page=카테고리관&t_click=패드_전체__상품상세&t_number=195,오어스,오어스 민들레 진정 토너패드,60매 리필기획,29500,150매,,
패드,9,4,https://www.oliveyoung.co.kr/store/goods/getGoodsDetail.do?goodsNo=A000000208004&dispCatNo=100000100090004&t_page=카테고리관&t_click=패드_전체__상품상세&t_number=196,시카,시카 카밍토너패드,,28000,60매,,
패드,9,5,https://www.oliveyoung.co.kr/store/goods/getGoodsDetail.do?goodsNo=A000000208060&dispCatNo=100000100090004&t_page=카테고리관&t_click=패드_전체__상품상세&t_number=197,에딧비,에딧비 진정 톡 시카 어성초 트러블 패드,,26000,70매,,
패드,9,6,https://www.oliveyoung.co.kr/store/goods/getGoodsDetail.do?goodsNo=A000000209151&dispCatNo=100000100090004&t_page=카테고리관&t_click=패드_전체__상품상세&t_number=198,아리얼,아리얼 스트레스 릴리빙 데일리 픽 토닝 패드,30매 x 3개입,17700,30매,,
패드,9,7,https://www.oliveyoung.co.kr/store/goods/getGoodsDetail.do?goodsNo=A000000209153&dispCatNo=100000100090004&t_page=카테고리관&t_click=패드_전체__상품상세&t_number=199,아리얼,아리얼 스트레스 릴리빙 데일리 픽 필링 패드,30매 x 3개입,17700,30매,,
패드,9,8,https://www.oliveyoung.co.kr/store/goods/getGoodsDetail.do?goodsNo=A000000209289&dispCatNo=100000100090004&t_page=카테고리관&t_click=패드_전체__상품상세&t_number=200,네오젠,네오젠 파하 거즈 필링패드  3종 중 택1,,22900,,,
패드,9,9,https://www.oliveyoung.co.kr/store/goods/getGoodsDetail.do?goodsNo=A000000210308&dispCatNo=100000100090004&t_page=카테고리관&t_click=패드_전체__상품상세&t_number=201,듀이셀,듀이셀 큐라힐스 히알루로닉 패드,,26500,70매,,
패드,9,10,https://www.oliveyoung.co.kr/store/goods/getGoodsDetail.do?goodsNo=A000000210925&dispCatNo=100000100090004&t_page=카테고리관&t_click=패드_전체__상품상세&t_number=202,에센허브,에센허브 티트리 마일드 클리어 패드,,35000,60매,,
패드,9,11,https://www.oliveyoung.co.kr/store/goods/getGoodsDetail.do?goodsNo=A000000211029&dispCatNo=100000100090004&t_page=카테고리관&t_click=패드_전체__상품상세&t_number=203,메디큐브,메디큐브 엑소좀 시카 진정 패드,,23800,100매,,
패드,9,12,https://www.oliveyoung.co.kr/store/goods/getGoodsDetail.do?goodsNo=A000000211077&dispCatNo=100000100090004&t_page=카테고리관&t_click=패드_전체__상품상세&t_number=204,아누아,아누아 자작나무 수분 부스팅 패드,10매 증정,26000,70매,,
패드,9,13,https://www.oliveyoung.co.kr/store/goods/getGoodsDetail.do?goodsNo=A000000211088&dispCatNo=100000100090004&t_page=카테고리관&t_click=패드_전체__상품상세&t_number=205,이니스프리,이니스프리 레티놀 시카 흔적 패드,10매 증정기획,28000,60매,,
패드,9,14,https://www.oliveyoung.co.kr/store/goods/getGoodsDetail.do?goodsNo=A000000211123&dispCatNo=100000100090004&t_page=카테고리관&t_click=패드_전체__상품상세&t_number=206,아누아,아누아 어성초 77 모공쫀쫀 패드,70매 리필팩,45000,70매,,
패드,9,15,https://www.oliveyoung.co.kr/store/goods/getGoodsDetail.do?goodsNo=A000000211124&dispCatNo=100000100090004&t_page=카테고리관&t_click=패드_전체__상품상세&t_number=207,아누아,아누아 어성초 77 클리어 패드,10매 증정,28000,70매,,
패드,9,16,https://www.oliveyoung.co.kr/store/goods/getGoodsDetail.do?goodsNo=A000000212732&dispCatNo=100000100090004&t_page=카테고리관&t_click=패드_전체__상품상세&t_number=208,아누아,아누아 비타민씨 나이아신 톤업 잡티 패드,,24000,60매,,
패드,9,17,https://www.oliveyoung.co.kr/store/goods/getGoodsDetail.do?goodsNo=A000000213115&dispCatNo=100000100090004&t_page=카테고리관&t_click=패드_전체__상품상세&t_number=209,파이코어,파이코어 디퍼런씨 블루바이옴 리페어 토너패드,,33000,70매,,
패드,9,18,https://www.oliveyoung.co.kr/store/goods/getGoodsDetail.do?goodsNo=A000000213322&dispCatNo=100000100090004&t_page=카테고리관&t_click=패드_전체__상품상세&t_number=210,더마펌,더마펌 수딩 리페어 토닝 패드 R4,리필 70매,39000,70매,,
패드,9,19,https://www.oliveyoung.co.kr/store/goods/getGoodsDetail.do?goodsNo=A000000213955&dispCatNo=100000100090004&t_page=카테고리관&t_click=패드_전체__상품상세&t_number=211,연작,연작 스킨 퍼펙팅 글로우 프렙 패드,,28000,45매,,
패드,9,20,https://www.oliveyoung.co.kr/store/goods/getGoodsDetail.do?goodsNo=A000000214304&dispCatNo=100000100090004&t_page=카테고리관&t_click=패드_전체__상품상세&t_number=212,코이,코이 플로우 인텐시브 크림 패드,,30000,50매,,
패드,9,21,https://www.oliveyoung.co.kr/store/goods/getGoodsDetail.do?goodsNo=A000000214305&dispCatNo=100000100090004&t_page=카테고리관&t_click=패드_전체__상품상세&t_number=213,코이,코이 플로우 소프트 코튼 필 패드,,30000,70매,,
패드,9,22,https://www.oliveyoung.co.kr/store/goods/getGoodsDetail.do?goodsNo=A000000214306&dispCatNo=100000100090004&t_page=카테고리관&t_click=패드_전체__상품상세&t_number=214,코이,코이 플로우 셀코드 마스크 패드,,30000,50매,,
패드,9,23,https://www.oliveyoung.co.kr/store/goods/getGoodsDetail.do?goodsNo=A000000214451&dispCatNo=100000100090004&t_page=카테고리관&t_click=패드_전체__상품상세&t_number=215,스킨푸드,스킨푸드 라이스 브라이트닝 패드,,26000,60매,,
패드,9,24,https://www.oliveyoung.co.kr/store/goods/getGoodsDetail.do?goodsNo=A000000214510&dispCatNo=100000100090004&t_page=카테고리관&t_click=패드_전체__상품상세&t_number=216,그린핑거,그린핑거 포레스트 피톤 수분시카 세럼패드,,26000,70매,,
패드,10,1,https://www.oliveyoung.co.kr/store/goods/getGoodsDetail.do?goodsNo=A000000214708&dispCatNo=100000100090004&t_page=카테고리관&t_click=패드_전체__상품상세&t_number=217,네오젠,네오젠 나이아신아마이드 글로우 업 데일리 마스크 패드,40매 + 10매,35000,40매,,
패드,10,2,https://www.oliveyoung.co.kr/store/goods/getGoodsDetail.do?goodsNo=A000000215203&dispCatNo=100000100090004&t_page=카테고리관&t_click=패드_전체__상품상세&t_number=218,그라운드플랜,그라운드플랜 필링패드,,29000,50매,,
패드,10,3,https://www.oliveyoung.co.kr/store/goods/getGoodsDetail.do?goodsNo=A000000215314&dispCatNo=100000100090004&t_page=카테고리관&t_click=패드_전체__상품상세&t_number=219,테라비코스,테라비코스 히알루론산 3000 링클 앰플 패드,,39000,60매,,
패드,10,4,https://www.oliveyoung.co.kr/store/goods/getGoodsDetail.do?goodsNo=A000000215315&dispCatNo=100000100090004&t_page=카테고리관&t_click=패드_전체__상품상세&t_number=220,테라비코스,테라비코스 히알루론산 3000 앰플 패드,,28000,70매,,
패드,10,5,https://www.oliveyoung.co.kr/store/goods/getGoodsDetail.do?goodsNo=A000000215412&dispCatNo=100000100090004&t_page=카테고리관&t_click=패드_전체__상품상세&t_number=221,로우퀘스트,로우퀘스트 에키네시아 토너 패드,,26000,60매,,
패드,10,6,https://www.oliveyoung.co.kr/store/goods/getGoodsDetail.do?goodsNo=A000000215619&dispCatNo=100000100090004&t_page=카테고리관&t_click=패드_전체__상품상세&t_number=222,스킨푸드,스킨푸드 캐롯 카로틴 카밍 워터 패드,앰플30ml+크림30ml+홀리데이 스티커,35000,60매,,
패드,10,7,https://www.oliveyoung.co.kr/store/goods/getGoodsDetail.do?goodsNo=A000000216091&dispCatNo=100000100090004&t_page=카테고리관&t_click=패드_전체__상품상세&t_number=223,이니스프리,이니스프리 레티놀 시카 흔적 패드,마이멜로디 스티커 증정기획,28000,60매,,
패드,10,8,https://www.oliveyoung.co.kr/store/goods/getGoodsDetail.do?goodsNo=A000000217596&dispCatNo=100000100090004&t_page=카테고리관&t_click=패드_전체__상품상세&t_number=224,믹순,믹순 히알루론산 토너 패드,,26000,80매,,
패드,10,9,https://www.oliveyoung.co.kr/store/goods/getGoodsDetail.do?goodsNo=A000000217597&dispCatNo=100000100090004&t_page=카테고리관&t_click=패드_전체__상품상세&t_number=225,믹순,믹순 콜라겐 토너 패드,,26000,110매,,
패드,10,10,https://www.oliveyoung.co.kr/store/goods/getGoodsDetail.do?goodsNo=A000000217867&dispCatNo=100000100090004&t_page=카테고리관&t_click=패드_전체__상품상세&t_number=226,마몽드,마몽드 포어 슈링커 바쿠치올 패드,,26000,70매,,
패드,10,11,https://www.oliveyoung.co.kr/store/goods/getGoodsDetail.do?goodsNo=A000000218633&dispCatNo=100000100090004&t_page=카테고리관&t_click=패드_전체__상품상세&t_number=227,스킨푸드,스킨푸드 핑크자몽 아하 토너패드,,26000,70매,,
패드,10,12,https://www.oliveyoung.co.kr/store/goods/getGoodsDetail.do?goodsNo=A000000218643&dispCatNo=100000100090004&t_page=카테고리관&t_click=패드_전체__상품상세&t_number=228,스킨푸드,스킨푸드 아스파라거스 글루타치온 패드,,26000,60매,,
패드,10,13,https://www.oliveyoung.co.kr/store/goods/getGoodsDetail.do?goodsNo=A000000219195&dispCatNo=100000100090004&t_page=카테고리관&t_click=패드_전체__상품상세&t_number=229,비욘드,비욘드 엔젤 티트리올 트러블 토너 패드,,25000,130매,,
패드,10,14,https://www.oliveyoung.co.kr/store/goods/getGoodsDetail.do?goodsNo=A000000219225&dispCatNo=100000100090004&t_page=카테고리관&t_click=패드_전체__상품상세&t_number=230,닥터지,닥터지 레드 블레미쉬 클리어  결 패드,,28000,60매,,
패드,10,15,https://www.oliveyoung.co.kr/store/goods/getGoodsDetail.do?goodsNo=A000000219408&dispCatNo=100000100090004&t_page=카테고리관&t_click=패드_전체__상품상세&t_number=231,듀이트리,듀이트리 AC 딥 진정 모공 패드,,24000,60매,,
패드,10,16,https://www.oliveyoung.co.kr/store/goods/getGoodsDetail.do?goodsNo=A000000219473&dispCatNo=100000100090004&t_page=카테고리관&t_click=패드_전체__상품상세&t_number=232,나이아신아마이드,나이아신아마이드 글로우업 데일리 마스크 패드  슈야토야 에디션,,35000,40매,,
패드,10,17,https://www.oliveyoung.co.kr/store/goods/getGoodsDetail.do?goodsNo=A000000221625&dispCatNo=100000100090004&t_page=카테고리관&t_click=패드_전체__상품상세&t_number=233,닥터지,닥터지 바쿠치올 포어젯 스피큘 패드,,26000,30매,,
패드,10,18,https://www.oliveyoung.co.kr/store/goods/getGoodsDetail.do?goodsNo=A000000222214&dispCatNo=100000100090004&t_page=카테고리관&t_click=패드_전체__상품상세&t_number=234,이니스프리,이니스프리 비타민C 그린티 엔자임 잡티 토닝 패드,트위티 스티커,28000,60매,,
패드,10,19,https://www.oliveyoung.co.kr/store/goods/getGoodsDetail.do?goodsNo=A000000222736&dispCatNo=100000100090004&t_page=카테고리관&t_click=패드_전체__상품상세&t_number=235,아누아,아누아 나이아신아마이드 TXA 패드,,24000,60매,,
패드,10,20,https://www.oliveyoung.co.kr/store/goods/getGoodsDetail.do?goodsNo=A000000222737&dispCatNo=100000100090004&t_page=카테고리관&t_click=패드_전체__상품상세&t_number=236,아누아,아누아 8 히알루론산 카테킨 카밍 패드,,24000,110매,,
패드,10,21,https://www.oliveyoung.co.kr/store/goods/getGoodsDetail.do?goodsNo=A000000222910&dispCatNo=100000100090004&t_page=카테고리관&t_click=패드_전체__상품상세&t_number=237,셀퓨전씨,셀퓨전씨 포스트 알파 시카 쿨링,,29900,70매,,
패드,10,22,https://www.oliveyoung.co.kr/store/goods/getGoodsDetail.do?goodsNo=A000000205435&dispCatNo=100000100090004&t_page=카테고리관&t_click=패드_전체__상품상세&t_number=238,셀퓨전씨,셀퓨전씨 포스트 알파 쿨링 패드,,29900,70매,,
패드,10,23,https://www.oliveyoung.co.kr/store/goods/getGoodsDetail.do?goodsNo=A000000117241&dispCatNo=100000100090004&t_page=카테고리관&t_click=패드_전체__상품상세&t_number=239,스트라이덱스,스트라이덱스 센시티브 패드 트리플,90매+90매+90매,38400,90매,,
패드,10,24,https://www.oliveyoung.co.kr/store/goods/getGoodsDetail.do?goodsNo=A000000141727&dispCatNo=100000100090004&t_page=카테고리관&t_click=패드_전체__상품상세&t_number=240,레몬,레몬 광채 필링 패드,,22900,,,
패드,11,1,https://www.oliveyoung.co.kr/store/goods/getGoodsDetail.do?goodsNo=A000000145928&dispCatNo=100000100090004&t_page=카테고리관&t_click=패드_전체__상품상세&t_number=241,코스알엑스,코스알엑스 포어리스 모공패드,,22500,70매,,
패드,11,2,https://www.oliveyoung.co.kr/store/goods/getGoodsDetail.do?goodsNo=A000000150019&dispCatNo=100000100090004&t_page=카테고리관&t_click=패드_전체__상품상세&t_number=242,키노닉스,키노닉스 양배추 각질 진정 패드,,22000,70매,,
패드,11,3,https://www.oliveyoung.co.kr/store/goods/getGoodsDetail.do?goodsNo=A000000156400&dispCatNo=100000100090004&t_page=카테고리관&t_click=패드_전체__상품상세&t_number=243,블리블리,블리블리 핑크 수분 패드,,23000,60매,,
패드,11,4,https://www.oliveyoung.co.kr/store/goods/getGoodsDetail.do?goodsNo=A000000163609&dispCatNo=100000100090004&t_page=카테고리관&t_click=패드_전체__상품상세&t_number=244,아비브,아비브 어성초 스팟 패드 카밍터치  대용량,,39000,140매,,
패드,11,5,https://www.oliveyoung.co.kr/store/goods/getGoodsDetail.do?goodsNo=A000000171855&dispCatNo=100000100090004&t_page=카테고리관&t_click=패드_전체__상품상세&t_number=245,메이크프렘,메이크프렘 인테카 수딩 패드,,24000,70매,,
패드,11,6,https://www.oliveyoung.co.kr/store/goods/getGoodsDetail.do?goodsNo=A000000172713&dispCatNo=100000100090004&t_page=카테고리관&t_click=패드_전체__상품상세&t_number=246,바비모,바비모 시카 리페어 카밍 패드,,19000,60매,,
패드,11,7,https://www.oliveyoung.co.kr/store/goods/getGoodsDetail.do?goodsNo=A000000174039&dispCatNo=100000100090004&t_page=카테고리관&t_click=패드_전체__상품상세&t_number=247,뉴트리스톰,뉴트리스톰 23초 토탈 퀵 케어 패드,,18800,10매,,
패드,11,8,https://www.oliveyoung.co.kr/store/goods/getGoodsDetail.do?goodsNo=A000000180050&dispCatNo=100000100090004&t_page=카테고리관&t_click=패드_전체__상품상세&t_number=248,헤이네이처,헤이네이처 어성초 카밍 토너 패드,,30000,65매,,
패드,11,9,https://www.oliveyoung.co.kr/store/goods/getGoodsDetail.do?goodsNo=A000000181238&dispCatNo=100000100090004&t_page=카테고리관&t_click=패드_전체__상품상세&t_number=249,멘톨로지,멘톨로지 슈퍼쿨 카밍패드,,30000,70매,,
패드,11,10,https://www.oliveyoung.co.kr/store/goods/getGoodsDetail.do?goodsNo=A000000183437&dispCatNo=100000100090004&t_page=카테고리관&t_click=패드_전체__상품상세&t_number=250,메디앤서,메디앤서 비타 콜라겐 글로우 패드,10매,26000,80매,,
패드,11,11,https://www.oliveyoung.co.kr/store/goods/getGoodsDetail.do?goodsNo=A000000183753&dispCatNo=100000100090004&t_page=카테고리관&t_click=패드_전체__상품상세&t_number=251,한율,한율 어린쑥 수분진정 패드,,29000,60매,,
패드,11,12,https://www.oliveyoung.co.kr/store/goods/getGoodsDetail.do?goodsNo=A000000187865&dispCatNo=100000100090004&t_page=카테고리관&t_click=패드_전체__상품상세&t_number=252,니들리,니들리 안티 트러블 패드,10매 증정기획,24900,60매,,
패드,11,13,https://www.oliveyoung.co.kr/store/goods/getGoodsDetail.do?goodsNo=A000000188922&dispCatNo=100000100090004&t_page=카테고리관&t_click=패드_전체__상품상세&t_number=253,일소,일소 모링가 퓨리파잉 포어 패드,,18900,60매,,
패드,11,14,https://www.oliveyoung.co.kr/store/goods/getGoodsDetail.do?goodsNo=A000000189951&dispCatNo=100000100090004&t_page=카테고리관&t_click=패드_전체__상품상세&t_number=254,피지오겔,피지오겔 레드수딩 시카밸런스 플러스 AC 카밍 패드,,30000,70매,,
패드,11,15,https://www.oliveyoung.co.kr/store/goods/getGoodsDetail.do?goodsNo=A000000191353&dispCatNo=100000100090004&t_page=카테고리관&t_click=패드_전체__상품상세&t_number=255,밀크터치,밀크터치 서양송악 진정 점보 패드,,21500,60매,,
패드,11,16,https://www.oliveyoung.co.kr/store/goods/getGoodsDetail.do?goodsNo=A000000198459&dispCatNo=100000100090004&t_page=카테고리관&t_click=패드_전체__상품상세&t_number=256,아비브,아비브 부활초 콜라겐 패드 퍼밍 터치,10매 추가 증정,24000,60매,,
패드,11,17,https://www.oliveyoung.co.kr/store/goods/getGoodsDetail.do?goodsNo=A000000199282&dispCatNo=100000100090004&t_page=카테고리관&t_click=패드_전체__상품상세&t_number=257,숨37,숨37 시크릿 멀티 패드,,49000,70매,,
패드,11,18,https://www.oliveyoung.co.kr/store/goods/getGoodsDetail.do?goodsNo=A000000203336&dispCatNo=100000100090004&t_page=카테고리관&t_click=패드_전체__상품상세&t_number=258,아이오페,아이오페 스킨 부스터 앰플 필 패드,,5000,1매,,
패드,11,19,https://www.oliveyoung.co.kr/store/goods/getGoodsDetail.do?goodsNo=A000000206942&dispCatNo=100000100090004&t_page=카테고리관&t_click=패드_전체__상품상세&t_number=259,아비브,아비브 어성초 스팟 패드 카밍터치,10매 증정기획,24000,80매,,
패드,11,20,https://www.oliveyoung.co.kr/store/goods/getGoodsDetail.do?goodsNo=A000000211378&dispCatNo=100000100090004&t_page=카테고리관&t_click=패드_전체__상품상세&t_number=260,바이오던스,바이오던스 세라놀 겔 토너 패드,6매 증정 OY단독,26000,60매,,
패드,11,21,https://www.oliveyoung.co.kr/store/goods/getGoodsDetail.do?goodsNo=A000000212417&dispCatNo=100000100090004&t_page=카테고리관&t_click=패드_전체__상품상세&t_number=261,이즈앤트리,이즈앤트리 어니언 뉴페어 클리어 패드,리필 20매+키링,26000,60매,,
패드,11,22,https://www.oliveyoung.co.kr/store/goods/getGoodsDetail.do?goodsNo=A000000212817&dispCatNo=100000100090004&t_page=카테고리관&t_click=패드_전체__상품상세&t_number=262,토리든,토리든 다이브인 저분자 히알루론산 멀티 패드,80매 리필기획,38000,80매,,
패드,11,23,https://www.oliveyoung.co.kr/store/goods/getGoodsDetail.do?goodsNo=A000000218991&dispCatNo=100000100090004&t_page=카테고리관&t_click=패드_전체__상품상세&t_number=263,셀로라바이,셀로라바이 포텐션 모공 케어 패드,,29000,70매,,
